Title,Link
Methods of treating coronavirus infections by co-administering an fkbp ligand …,https://patentimages.storage.googleapis.com/98/6a/dc/d29fe741018db8/US20240269125A1.pdf
Antiviral application of nucleoside analog or combination formulation …,https://patentimages.storage.googleapis.com/2e/b9/b0/5b47daa3b61f86/US11919923.pdf
Compounds and methods for the treatment of COVID-19,https://patentimages.storage.googleapis.com/8c/51/f1/824ebfd77974df/AU2021253796B2.pdf
Inhibitors of cysteine proteases and methods of use thereof,
Methods and modified nucleosides for treating coronavirus infections,https://patentimages.storage.googleapis.com/6a/cb/69/c94d58d73d4c03/KR20230127294A.pdf
N4-hydroxycytidine and derivatives and anti-viral uses related thereto,https://patentimages.storage.googleapis.com/4c/e7/05/eb68db1bef0843/US20210252033A1.pdf
Protease Inhibitors for Treatment or Prevention of Coronavirus Disease,https://patentimages.storage.googleapis.com/bc/65/6b/9d4e6172bde119/US20230192660A1.pdf
Application of substituted aminopropionate compounds in the treatment of SARS- …,https://patentimages.storage.googleapis.com/f9/c4/ee/f39e2bbad1b28b/TWI805952B.pdf
MOLECULES THAT BIND TO SARS-CoV-2,https://patentimages.storage.googleapis.com/52/0a/d4/65d9541312e671/WO2021183947A1.pdf
Nitrile-containing antiviral compounds,https://patentimages.storage.googleapis.com/91/10/ea/6ad95426491752/AU2022221493B2.pdf
